-- MySQL dump 10.13  Distrib 8.0.34, for Win64 (x86_64)
--
-- Host: localhost    Database: wedding_db
-- ------------------------------------------------------
-- Server version	8.0.34

/*!40101 SET @OLD_CHARACTER_SET_CLIENT=@@CHARACTER_SET_CLIENT */;
/*!40101 SET @OLD_CHARACTER_SET_RESULTS=@@CHARACTER_SET_RESULTS */;
/*!40101 SET @OLD_COLLATION_CONNECTION=@@COLLATION_CONNECTION */;
/*!50503 SET NAMES utf8 */;
/*!40103 SET @OLD_TIME_ZONE=@@TIME_ZONE */;
/*!40103 SET TIME_ZONE='+00:00' */;
/*!40014 SET @OLD_UNIQUE_CHECKS=@@UNIQUE_CHECKS, UNIQUE_CHECKS=0 */;
/*!40014 SET @OLD_FOREIGN_KEY_CHECKS=@@FOREIGN_KEY_CHECKS, FOREIGN_KEY_CHECKS=0 */;
/*!40101 SET @OLD_SQL_MODE=@@SQL_MODE, SQL_MODE='NO_AUTO_VALUE_ON_ZERO' */;
/*!40111 SET @OLD_SQL_NOTES=@@SQL_NOTES, SQL_NOTES=0 */;

--
-- Dumping data for table `comments`
--

LOCK TABLES `comments` WRITE;
/*!40000 ALTER TABLE `comments` DISABLE KEYS */;
INSERT INTO `comments` VALUES (_binary '','2024-07-12 14:57:59.558000',3,NULL,2,1,'08ce75edefd446159f4f590cb78977ca','answer comment 2','08ce75edefd446159f4f590cb78977ca',NULL),(_binary '','2024-07-18 23:47:00.174000',4,NULL,2,1,'08ce75edefd446159f4f590cb78977ca','Hi','08ce75edefd446159f4f590cb78977ca',NULL),(_binary '','2024-07-18 23:47:00.174000',5,NULL,2,1,'08ce75edefd446159f4f590cb78977ca','Hi','08ce75edefd446159f4f590cb78977ca',NULL),(_binary '','2024-07-18 23:47:00.174000',6,NULL,2,1,'08ce75edefd446159f4f590cb78977ca','Hi','08ce75edefd446159f4f590cb78977ca',NULL),(_binary '','2024-07-18 23:47:00.174000',7,NULL,2,1,'08ce75edefd446159f4f590cb78977ca','Hi','08ce75edefd446159f4f590cb78977ca',NULL),(_binary '','2024-07-18 23:47:19.803000',8,NULL,2,1,'08ce75edefd446159f4f590cb78977ca','hi','08ce75edefd446159f4f590cb78977ca',NULL),(_binary '','2024-07-19 00:06:38.727000',9,NULL,2,1,'08ce75edefd446159f4f590cb78977ca','d','08ce75edefd446159f4f590cb78977ca',NULL),(_binary '','2024-07-19 00:14:09.462000',10,NULL,2,1,'5d65c24a9cc1477cbb9a6b02e2b5bfe0','hi','5d65c24a9cc1477cbb9a6b02e2b5bfe0',NULL),(_binary '','2024-07-19 00:15:28.209000',11,NULL,2,1,'5d65c24a9cc1477cbb9a6b02e2b5bfe0','hi','5d65c24a9cc1477cbb9a6b02e2b5bfe0',NULL),(_binary '','2024-07-19 00:15:34.424000',12,'2024-07-19 00:16:49.329000',NULL,1,'5d65c24a9cc1477cbb9a6b02e2b5bfe0','hello','5d65c24a9cc1477cbb9a6b02e2b5bfe0','5d65c24a9cc1477cbb9a6b02e2b5bfe0'),(_binary '','2024-07-19 00:16:02.973000',13,NULL,12,1,'08ce75edefd446159f4f590cb78977ca','Admin xin chao','08ce75edefd446159f4f590cb78977ca',NULL),(_binary '','2024-07-19 00:16:20.142000',14,NULL,12,1,'5d65c24a9cc1477cbb9a6b02e2b5bfe0','Chao admin nha','5d65c24a9cc1477cbb9a6b02e2b5bfe0',NULL);
/*!40000 ALTER TABLE `comments` ENABLE KEYS */;
UNLOCK TABLES;

--
-- Dumping data for table `merchant`
--

LOCK TABLES `merchant` WRITE;
/*!40000 ALTER TABLE `merchant` DISABLE KEYS */;
INSERT INTO `merchant` VALUES ('92ddc03d7cfc4a58bf5768e545fa8249','08ce75edefd446159f4f590cb78977ca','2024-07-07 13:14:52.594000',NULL,NULL,NULL,'https://localhost:8008/ipn','L&P Team','http://localhost:8080/api/v1/payment/vnpay-return-view','https://localhost:8008',NULL);
/*!40000 ALTER TABLE `merchant` ENABLE KEYS */;
UNLOCK TABLES;

--
-- Dumping data for table `payment`
--

LOCK TABLES `payment` WRITE;
/*!40000 ALTER TABLE `payment` DISABLE KEYS */;
INSERT INTO `payment` VALUES ('036ab2ed0dd04cf2b3e58ac28643c970','08ce75edefd446159f4f590cb78977ca','2024-07-07 14:14:33.305000',NULL,'2024-07-07 14:18:44.580000','2024-07-07 14:29:33.291000',10000.00,'Nạp Tiền Vào Tài Khoản','vnd','2024-07-07 14:14:33.291000','vn','Transaction Success','ROD001','0',10000.00,NULL,NULL,'08ce75edefd446159f4f590cb78977ca'),('18e9a4176e0949eca68cbd2e103b9c81','08ce75edefd446159f4f590cb78977ca','2024-07-07 13:43:36.478000',NULL,'2024-07-07 13:44:24.412000','2024-07-07 13:58:36.413000',100000.00,'Nạp Tiền Vào Tài Khoản','vnd','2024-07-07 13:43:36.413000','vn','Transaction Success','ROD001','0',100000.00,NULL,NULL,'08ce75edefd446159f4f590cb78977ca'),('240d055ccec644ddb46c1a40514edb11','08ce75edefd446159f4f590cb78977ca','2024-07-07 13:50:17.410000',NULL,'2024-07-07 13:51:07.452000','2024-07-07 14:05:17.388000',100000.00,'Nạp Tiền Vào Tài Khoản','vnd','2024-07-07 13:50:17.388000','vn','Transaction Success','ROD001','0',100000.00,NULL,NULL,'08ce75edefd446159f4f590cb78977ca'),('345c7483e89d4280b797b37415b64d40','f1d7f9ea8986480d86d6cb0ac3c7cb63','2024-07-07 15:11:37.729000',NULL,'2024-07-07 15:12:28.773000','2024-07-07 15:26:37.696000',100000.00,'Nạp Tiền Vào Tài Khoản','vnd','2024-07-07 15:11:37.696000','vn','Transaction Success','ROD001','0',100000.00,'92ddc03d7cfc4a58bf5768e545fa8249',NULL,'f1d7f9ea8986480d86d6cb0ac3c7cb63'),('43502dd6459849f3a756dafe5d5c8686','08ce75edefd446159f4f590cb78977ca','2024-07-07 14:46:29.005000',NULL,'2024-07-07 14:47:24.458000','2024-07-07 15:01:28.749000',20000.00,'Nạp Tiền Vào Tài Khoản','vnd','2024-07-07 14:46:28.749000','vn','Transaction Success','ROD001','0',20000.00,'92ddc03d7cfc4a58bf5768e545fa8249',NULL,'08ce75edefd446159f4f590cb78977ca'),('470d639fc2c4479da3ad319e7a6f3bb6','08ce75edefd446159f4f590cb78977ca','2024-07-07 13:15:46.198000',NULL,'2024-07-07 13:17:16.496000','2024-07-07 13:30:46.156000',10000.00,'Nạp Tiền Vào Tài Khoản','vnd','2024-07-07 13:15:46.156000','vn','Transaction Success','ROD001','0',10000.00,NULL,NULL,'08ce75edefd446159f4f590cb78977ca'),('6f9a621f301e421390cb4b626fa6867d','08ce75edefd446159f4f590cb78977ca','2024-07-07 14:06:40.184000',NULL,'2024-07-07 14:08:58.624000','2024-07-07 14:21:40.035000',10000.00,'Nạp Tiền Vào Tài Khoản','vnd','2024-07-07 14:06:40.035000','vn','Transaction Success','ROD001','0',10000.00,NULL,NULL,'08ce75edefd446159f4f590cb78977ca'),('a7cb5ee4b916455f9965331ee535bb1e','08ce75edefd446159f4f590cb78977ca','2024-07-07 13:37:57.151000',NULL,'2024-07-07 13:38:43.780000','2024-07-07 13:52:56.992000',100000.00,'Nạp Tiền Vào Tài Khoản','vnd','2024-07-07 13:37:56.992000','vn','Transaction Success','ROD001','0',100000.00,NULL,NULL,'08ce75edefd446159f4f590cb78977ca'),('a978a1292d5e4ae6a2c40899ebcc5dc7','08ce75edefd446159f4f590cb78977ca','2024-07-07 14:50:18.906000',NULL,'2024-07-07 14:50:49.999000','2024-07-07 15:05:18.847000',300000.00,'Nạp Tiền Vào Tài Khoản','vnd','2024-07-07 14:50:18.847000','vn','Transaction Success','ROD001','0',300000.00,'92ddc03d7cfc4a58bf5768e545fa8249',NULL,'08ce75edefd446159f4f590cb78977ca'),('b346a7a120e749e290d20c2e42ba6235','08ce75edefd446159f4f590cb78977ca','2024-07-07 13:48:53.173000',NULL,'2024-07-07 13:49:25.962000','2024-07-07 14:03:53.021000',100000.00,'Nạp Tiền Vào Tài Khoản','vnd','2024-07-07 13:48:53.021000','vn','Transaction Success','ROD001','0',100000.00,NULL,NULL,'08ce75edefd446159f4f590cb78977ca'),('c7ebc4d5aff448b5bc95c031148df523','08ce75edefd446159f4f590cb78977ca','2024-07-07 14:32:31.567000',NULL,'2024-07-07 14:34:10.774000','2024-07-07 14:47:31.542000',5000000.00,'Nạp Tiền Vào Tài Khoản','vnd','2024-07-07 14:32:31.542000','vn','Transaction Success','ROD001','0',5000000.00,'92ddc03d7cfc4a58bf5768e545fa8249',NULL,'08ce75edefd446159f4f590cb78977ca'),('ee50e394defd4bc3b015d0014e949325','08ce75edefd446159f4f590cb78977ca','2024-07-07 14:27:58.866000',NULL,'2024-07-07 14:29:16.163000','2024-07-07 14:42:49.201000',10000.00,'Nạp Tiền Vào Tài Khoản','vnd','2024-07-07 14:27:49.201000','vn','Transaction Success','ROD001','0',10000.00,'92ddc03d7cfc4a58bf5768e545fa8249',NULL,'08ce75edefd446159f4f590cb78977ca');
/*!40000 ALTER TABLE `payment` ENABLE KEYS */;
UNLOCK TABLES;

--
-- Dumping data for table `payment_destination`
--

LOCK TABLES `payment_destination` WRITE;
/*!40000 ALTER TABLE `payment_destination` DISABLE KEYS */;
/*!40000 ALTER TABLE `payment_destination` ENABLE KEYS */;
UNLOCK TABLES;

--
-- Dumping data for table `payment_signature`
--

LOCK TABLES `payment_signature` WRITE;
/*!40000 ALTER TABLE `payment_signature` DISABLE KEYS */;
INSERT INTO `payment_signature` VALUES ('037a467a3cfb4adfa920f382b6edcaf3','08ce75edefd446159f4f590cb78977ca','2024-07-07 14:14:33.318000',NULL,NULL,_binary '',NULL,'fc324545c40144e5be6552aded90c2af','+84332101032','036ab2ed0dd04cf2b3e58ac28643c970'),('314e640c54524322b2d56b40655455b2','f1d7f9ea8986480d86d6cb0ac3c7cb63','2024-07-07 15:11:37.746000',NULL,NULL,_binary '',NULL,'92ddc03d7cfc4a58bf5768e545fa8249','+84332101039','345c7483e89d4280b797b37415b64d40'),('32fbef02c08d445fb06ff8efcde09b17','08ce75edefd446159f4f590cb78977ca','2024-07-07 13:50:17.426000',NULL,NULL,_binary '',NULL,'fc324545c40144e5be6552aded90c2af','+84332101032','240d055ccec644ddb46c1a40514edb11'),('38b264f7dcde4e86b5578c3428564360','08ce75edefd446159f4f590cb78977ca','2024-07-07 14:27:58.938000',NULL,NULL,_binary '',NULL,'92ddc03d7cfc4a58bf5768e545fa8249','+84332101032','ee50e394defd4bc3b015d0014e949325'),('4eab3dd4f57f4d539bce3bffcd636a11','08ce75edefd446159f4f590cb78977ca','2024-07-07 14:32:31.582000',NULL,NULL,_binary '',NULL,'92ddc03d7cfc4a58bf5768e545fa8249','+84332101032','c7ebc4d5aff448b5bc95c031148df523'),('8427f2f059844335ba7f641c6ee2acf2','08ce75edefd446159f4f590cb78977ca','2024-07-07 13:43:36.523000',NULL,NULL,_binary '',NULL,'fc324545c40144e5be6552aded90c2af','+84332101032','18e9a4176e0949eca68cbd2e103b9c81'),('b62730c806f04af486255a817380dedf','08ce75edefd446159f4f590cb78977ca','2024-07-07 14:50:18.973000',NULL,NULL,_binary '',NULL,'92ddc03d7cfc4a58bf5768e545fa8249','+84332101032','a978a1292d5e4ae6a2c40899ebcc5dc7'),('bafe66f8c832499b981277aa8688507e','08ce75edefd446159f4f590cb78977ca','2024-07-07 13:37:57.240000',NULL,NULL,_binary '',NULL,'fc324545c40144e5be6552aded90c2af','+84332101032','a7cb5ee4b916455f9965331ee535bb1e'),('be548ff4182f41a9b3df0bf381e1308d','08ce75edefd446159f4f590cb78977ca','2024-07-07 14:46:29.087000',NULL,NULL,_binary '',NULL,'92ddc03d7cfc4a58bf5768e545fa8249','+84332101032','43502dd6459849f3a756dafe5d5c8686'),('c3b019b2324941898518234a20c60432','08ce75edefd446159f4f590cb78977ca','2024-07-07 14:06:40.281000',NULL,NULL,_binary '',NULL,'fc324545c40144e5be6552aded90c2af','+84332101032','6f9a621f301e421390cb4b626fa6867d'),('ceef145d434f49dcb7c7d14e5246faf6','08ce75edefd446159f4f590cb78977ca','2024-07-07 13:15:46.232000',NULL,NULL,_binary '',NULL,'fc324545c40144e5be6552aded90c2af','+84332101032','470d639fc2c4479da3ad319e7a6f3bb6'),('f0c6c25d61be4658917f3b4ae62d5730','08ce75edefd446159f4f590cb78977ca','2024-07-07 13:48:53.253000',NULL,NULL,_binary '',NULL,'fc324545c40144e5be6552aded90c2af','+84332101032','b346a7a120e749e290d20c2e42ba6235');
/*!40000 ALTER TABLE `payment_signature` ENABLE KEYS */;
UNLOCK TABLES;

--
-- Dumping data for table `payment_transaction`
--

LOCK TABLES `payment_transaction` WRITE;
/*!40000 ALTER TABLE `payment_transaction` DISABLE KEYS */;
INSERT INTO `payment_transaction` VALUES ('015d6371dd164fe4af68fb4cc64e0f5d','08ce75edefd446159f4f590cb78977ca','2024-07-07 14:34:10.743000',NULL,NULL,5000000.00,'2024-07-07 14:34:10.694000','Transaction Success','{\"responseData\":{\"vnp_Amount\":\"500000000\",\"vnp_BankCode\":\"NCB\",\"vnp_BankTranNo\":\"VNP14497867\",\"vnp_CardType\":\"ATM\",\"vnp_OrderInfo\":\"Nạp Tiền Vào Tài Khoản\",\"vnp_PayDate\":\"20240707143258\",\"vnp_ResponseCode\":\"00\",\"vnp_TmnCode\":\"QYBSTFGY\",\"vnp_TransactionNo\":\"14497867\",\"vnp_TransactionStatus\":\"00\",\"vnp_TxnRef\":\"c7ebc4d5aff448b5bc95c031148df523\"},\"vnp_TmnCode\":\"QYBSTFGY\",\"vnp_BankCode\":\"NCB\",\"vnp_BankTranNo\":\"VNP14497867\",\"vnp_CardType\":\"ATM\",\"vnp_OrderInfo\":\"Nạp Tiền Vào Tài Khoản\",\"vnp_TransactionNo\":\"14497867\",\"vnp_TransactionStatus\":\"00\",\"vnp_TxnRef\":\"c7ebc4d5aff448b5bc95c031148df523\",\"vnp_SecureHashType\":\"\",\"vnp_SecureHash\":\"2efe445beb9f3ab1d22a0e811a6fef19e740f5b15d58d73c0aa0ae58f719e06d651d957871464e7f7e22713f38e0f7c2e7d13ddf93529ad63d75ca509938992b\",\"vnp_Amount\":500000000,\"vnp_ResponseCode\":\"00\",\"vnp_PayDate\":\"20240707143258\"}','0','c7ebc4d5aff448b5bc95c031148df523'),('1c0574ed2dd84c63995cc8b2cc09f0f9','08ce75edefd446159f4f590cb78977ca','2024-07-07 14:47:24.445000',NULL,NULL,20000.00,'2024-07-07 14:47:24.439000','Transaction Success','{\"responseData\":{\"vnp_Amount\":\"2000000\",\"vnp_BankCode\":\"NCB\",\"vnp_BankTranNo\":\"VNP14497881\",\"vnp_CardType\":\"ATM\",\"vnp_OrderInfo\":\"Nạp Tiền Vào Tài Khoản\",\"vnp_PayDate\":\"20240707144655\",\"vnp_ResponseCode\":\"00\",\"vnp_TmnCode\":\"QYBSTFGY\",\"vnp_TransactionNo\":\"14497881\",\"vnp_TransactionStatus\":\"00\",\"vnp_TxnRef\":\"43502dd6459849f3a756dafe5d5c8686\"},\"vnp_TmnCode\":\"QYBSTFGY\",\"vnp_BankCode\":\"NCB\",\"vnp_BankTranNo\":\"VNP14497881\",\"vnp_CardType\":\"ATM\",\"vnp_OrderInfo\":\"Nạp Tiền Vào Tài Khoản\",\"vnp_TransactionNo\":\"14497881\",\"vnp_TransactionStatus\":\"00\",\"vnp_TxnRef\":\"43502dd6459849f3a756dafe5d5c8686\",\"vnp_SecureHashType\":\"\",\"vnp_SecureHash\":\"060084f2a9dd05f87fe1286973f996de97c887e4da084229d5b44cb1ec3e2c0f88a77e799e5abd0dc6cc8466e80f1b6f8b904032e854b656f65a3c5252ab7ab4\",\"vnp_Amount\":2000000,\"vnp_ResponseCode\":\"00\",\"vnp_PayDate\":\"20240707144655\"}','0','43502dd6459849f3a756dafe5d5c8686'),('527deef63cb2414d9550efab596fd828','08ce75edefd446159f4f590cb78977ca','2024-07-07 13:38:43.760000',NULL,NULL,100000.00,'2024-07-07 13:38:43.745000','Transaction Success','{\"responseData\":{\"vnp_Amount\":\"10000000\",\"vnp_BankCode\":\"NCB\",\"vnp_BankTranNo\":\"VNP14497811\",\"vnp_CardType\":\"ATM\",\"vnp_OrderInfo\":\"Nạp Tiền Vào Tài Khoản\",\"vnp_PayDate\":\"20240707133837\",\"vnp_ResponseCode\":\"00\",\"vnp_TmnCode\":\"QYBSTFGY\",\"vnp_TransactionNo\":\"14497811\",\"vnp_TransactionStatus\":\"00\",\"vnp_TxnRef\":\"a7cb5ee4b916455f9965331ee535bb1e\"},\"vnp_TmnCode\":\"QYBSTFGY\",\"vnp_BankCode\":\"NCB\",\"vnp_BankTranNo\":\"VNP14497811\",\"vnp_CardType\":\"ATM\",\"vnp_OrderInfo\":\"Nạp Tiền Vào Tài Khoản\",\"vnp_TransactionNo\":\"14497811\",\"vnp_TransactionStatus\":\"00\",\"vnp_TxnRef\":\"a7cb5ee4b916455f9965331ee535bb1e\",\"vnp_SecureHashType\":\"\",\"vnp_SecureHash\":\"06a72c47d0662bb6d0d9396875119a05b4eab8acb91acee90bf5c9e72e3e364faabd8080cba016eb316e7ebd702f936dcf5575368872f1d93de9f4c6d34bdc7a\",\"vnp_Amount\":10000000,\"vnp_ResponseCode\":\"00\",\"vnp_PayDate\":\"20240707133837\"}','0','a7cb5ee4b916455f9965331ee535bb1e'),('690f441eff7f4caba85fb3395c3b0f4d','08ce75edefd446159f4f590cb78977ca','2024-07-07 14:50:49.986000',NULL,NULL,300000.00,'2024-07-07 14:50:49.980000','Transaction Success','{\"responseData\":{\"vnp_Amount\":\"30000000\",\"vnp_BankCode\":\"NCB\",\"vnp_BankTranNo\":\"VNP14497883\",\"vnp_CardType\":\"ATM\",\"vnp_OrderInfo\":\"Nạp Tiền Vào Tài Khoản\",\"vnp_PayDate\":\"20240707145043\",\"vnp_ResponseCode\":\"00\",\"vnp_TmnCode\":\"QYBSTFGY\",\"vnp_TransactionNo\":\"14497883\",\"vnp_TransactionStatus\":\"00\",\"vnp_TxnRef\":\"a978a1292d5e4ae6a2c40899ebcc5dc7\"},\"vnp_TmnCode\":\"QYBSTFGY\",\"vnp_BankCode\":\"NCB\",\"vnp_BankTranNo\":\"VNP14497883\",\"vnp_CardType\":\"ATM\",\"vnp_OrderInfo\":\"Nạp Tiền Vào Tài Khoản\",\"vnp_TransactionNo\":\"14497883\",\"vnp_TransactionStatus\":\"00\",\"vnp_TxnRef\":\"a978a1292d5e4ae6a2c40899ebcc5dc7\",\"vnp_SecureHashType\":\"\",\"vnp_SecureHash\":\"1db7e59edfc67ae606abbe075fa8804e8c1f8d0eb97ed42b9214cc93af327389894a2f19b3c01aa87a2089e1d13ae58b88ba6c7319f3f8c99407606b241df64d\",\"vnp_Amount\":30000000,\"vnp_ResponseCode\":\"00\",\"vnp_PayDate\":\"20240707145043\"}','0','a978a1292d5e4ae6a2c40899ebcc5dc7'),('7ea870001dd94f568a4ac8322f2f8b6b','08ce75edefd446159f4f590cb78977ca','2024-07-07 13:44:24.396000',NULL,NULL,100000.00,'2024-07-07 13:44:24.381000','Transaction Success','{\"responseData\":{\"vnp_Amount\":\"10000000\",\"vnp_BankCode\":\"NCB\",\"vnp_BankTranNo\":\"VNP14497816\",\"vnp_CardType\":\"ATM\",\"vnp_OrderInfo\":\"Nạp Tiền Vào Tài Khoản\",\"vnp_PayDate\":\"20240707134417\",\"vnp_ResponseCode\":\"00\",\"vnp_TmnCode\":\"QYBSTFGY\",\"vnp_TransactionNo\":\"14497816\",\"vnp_TransactionStatus\":\"00\",\"vnp_TxnRef\":\"18e9a4176e0949eca68cbd2e103b9c81\"},\"vnp_TmnCode\":\"QYBSTFGY\",\"vnp_BankCode\":\"NCB\",\"vnp_BankTranNo\":\"VNP14497816\",\"vnp_CardType\":\"ATM\",\"vnp_OrderInfo\":\"Nạp Tiền Vào Tài Khoản\",\"vnp_TransactionNo\":\"14497816\",\"vnp_TransactionStatus\":\"00\",\"vnp_TxnRef\":\"18e9a4176e0949eca68cbd2e103b9c81\",\"vnp_SecureHashType\":\"\",\"vnp_SecureHash\":\"13ece4eec83097199582469c520454001ee4af0da4efe79a649da806bc181d12701d00afe9e7ec10dc075ea5c81a542fd10d971faf3553096f14c92d6cb78c25\",\"vnp_Amount\":10000000,\"vnp_ResponseCode\":\"00\",\"vnp_PayDate\":\"20240707134417\"}','0','18e9a4176e0949eca68cbd2e103b9c81'),('80321cfbadfe4bc7b38fa913d7583b21','08ce75edefd446159f4f590cb78977ca','2024-07-07 13:49:25.936000',NULL,NULL,100000.00,'2024-07-07 13:49:25.912000','Transaction Success','{\"responseData\":{\"vnp_Amount\":\"10000000\",\"vnp_BankCode\":\"NCB\",\"vnp_BankTranNo\":\"VNP14497820\",\"vnp_CardType\":\"ATM\",\"vnp_OrderInfo\":\"Nạp Tiền Vào Tài Khoản\",\"vnp_PayDate\":\"20240707134918\",\"vnp_ResponseCode\":\"00\",\"vnp_TmnCode\":\"QYBSTFGY\",\"vnp_TransactionNo\":\"14497820\",\"vnp_TransactionStatus\":\"00\",\"vnp_TxnRef\":\"b346a7a120e749e290d20c2e42ba6235\"},\"vnp_TmnCode\":\"QYBSTFGY\",\"vnp_BankCode\":\"NCB\",\"vnp_BankTranNo\":\"VNP14497820\",\"vnp_CardType\":\"ATM\",\"vnp_OrderInfo\":\"Nạp Tiền Vào Tài Khoản\",\"vnp_TransactionNo\":\"14497820\",\"vnp_TransactionStatus\":\"00\",\"vnp_TxnRef\":\"b346a7a120e749e290d20c2e42ba6235\",\"vnp_SecureHashType\":\"\",\"vnp_SecureHash\":\"2e0729b6aa1612965eab0e1969ff5381cc1724039c2bed5b38d73ddaae3a8c78684bbee73a691603e172c02c4ded8268e7a72bf9778c28fd23f627b44c115006\",\"vnp_Amount\":10000000,\"vnp_ResponseCode\":\"00\",\"vnp_PayDate\":\"20240707134918\"}','0','b346a7a120e749e290d20c2e42ba6235'),('83f97f01921d405b88c29dc5c58f35a7','f1d7f9ea8986480d86d6cb0ac3c7cb63','2024-07-07 15:12:28.764000',NULL,NULL,100000.00,'2024-07-07 15:12:28.759000','Transaction Success','{\"responseData\":{\"vnp_Amount\":\"10000000\",\"vnp_BankCode\":\"NCB\",\"vnp_BankTranNo\":\"VNP14497905\",\"vnp_CardType\":\"ATM\",\"vnp_OrderInfo\":\"Nạp Tiền Vào Tài Khoản\",\"vnp_PayDate\":\"20240707151216\",\"vnp_ResponseCode\":\"00\",\"vnp_TmnCode\":\"QYBSTFGY\",\"vnp_TransactionNo\":\"14497905\",\"vnp_TransactionStatus\":\"00\",\"vnp_TxnRef\":\"345c7483e89d4280b797b37415b64d40\"},\"vnp_TmnCode\":\"QYBSTFGY\",\"vnp_BankCode\":\"NCB\",\"vnp_BankTranNo\":\"VNP14497905\",\"vnp_CardType\":\"ATM\",\"vnp_OrderInfo\":\"Nạp Tiền Vào Tài Khoản\",\"vnp_TransactionNo\":\"14497905\",\"vnp_TransactionStatus\":\"00\",\"vnp_TxnRef\":\"345c7483e89d4280b797b37415b64d40\",\"vnp_SecureHashType\":\"\",\"vnp_SecureHash\":\"e5eb4967be617f149bd644b94ce5145eef7ea8782a48b676acefea32554913df73f5d0c2000968bcc7234c887db7c450bdd1534711011652b05fa083abcd0389\",\"vnp_Amount\":10000000,\"vnp_ResponseCode\":\"00\",\"vnp_PayDate\":\"20240707151216\"}','0','345c7483e89d4280b797b37415b64d40'),('97cf62f7af5c43f4a28ba3403b0cb3f5','08ce75edefd446159f4f590cb78977ca','2024-07-07 14:29:13.131000',NULL,NULL,10000.00,'2024-07-07 14:29:10.402000','Transaction Success','{\"responseData\":{\"vnp_Amount\":\"1000000\",\"vnp_BankCode\":\"NCB\",\"vnp_BankTranNo\":\"VNP14497863\",\"vnp_CardType\":\"ATM\",\"vnp_OrderInfo\":\"Nạp Tiền Vào Tài Khoản\",\"vnp_PayDate\":\"20240707142841\",\"vnp_ResponseCode\":\"00\",\"vnp_TmnCode\":\"QYBSTFGY\",\"vnp_TransactionNo\":\"14497863\",\"vnp_TransactionStatus\":\"00\",\"vnp_TxnRef\":\"ee50e394defd4bc3b015d0014e949325\"},\"vnp_TmnCode\":\"QYBSTFGY\",\"vnp_BankCode\":\"NCB\",\"vnp_BankTranNo\":\"VNP14497863\",\"vnp_CardType\":\"ATM\",\"vnp_OrderInfo\":\"Nạp Tiền Vào Tài Khoản\",\"vnp_TransactionNo\":\"14497863\",\"vnp_TransactionStatus\":\"00\",\"vnp_TxnRef\":\"ee50e394defd4bc3b015d0014e949325\",\"vnp_SecureHashType\":\"\",\"vnp_SecureHash\":\"a007bc978e4896e3676661d0c56719c4ec9bb0e0f9de2ee951068c0ae64d4f2f4ff653446ff31bfd58646c11308ab8435513aa651e1df778bf6445b22e91a5a9\",\"vnp_Amount\":1000000,\"vnp_ResponseCode\":\"00\",\"vnp_PayDate\":\"20240707142841\"}','0','ee50e394defd4bc3b015d0014e949325'),('a4eb3c9bbf77430fb900b00c07f6d9be','08ce75edefd446159f4f590cb78977ca','2024-07-07 13:17:16.468000',NULL,NULL,10000.00,'2024-07-07 13:17:16.455000','Transaction Success','{\"responseData\":{\"vnp_Amount\":\"1000000\",\"vnp_BankCode\":\"NCB\",\"vnp_BankTranNo\":\"VNP14497794\",\"vnp_CardType\":\"ATM\",\"vnp_OrderInfo\":\"Nạp Tiền Vào Tài Khoản\",\"vnp_PayDate\":\"20240707131705\",\"vnp_ResponseCode\":\"00\",\"vnp_TmnCode\":\"QYBSTFGY\",\"vnp_TransactionNo\":\"14497794\",\"vnp_TransactionStatus\":\"00\",\"vnp_TxnRef\":\"470d639fc2c4479da3ad319e7a6f3bb6\"},\"vnp_TmnCode\":\"QYBSTFGY\",\"vnp_BankCode\":\"NCB\",\"vnp_BankTranNo\":\"VNP14497794\",\"vnp_CardType\":\"ATM\",\"vnp_OrderInfo\":\"Nạp Tiền Vào Tài Khoản\",\"vnp_TransactionNo\":\"14497794\",\"vnp_TransactionStatus\":\"00\",\"vnp_TxnRef\":\"470d639fc2c4479da3ad319e7a6f3bb6\",\"vnp_SecureHashType\":\"\",\"vnp_SecureHash\":\"5d3a1240c288bb313dbc724fb30fa6610ed18b49d025b66019628f037712699076a9456629e65cdd04bd243c54593f5baec781f521d8f64da99c6dd3b8271fb0\",\"vnp_Amount\":1000000,\"vnp_ResponseCode\":\"00\",\"vnp_PayDate\":\"20240707131705\"}','0','470d639fc2c4479da3ad319e7a6f3bb6'),('b117630e5f5b4d0a954ca974db0c7a6e','08ce75edefd446159f4f590cb78977ca','2024-07-07 14:08:58.561000',NULL,NULL,10000.00,'2024-07-07 14:08:58.472000','Transaction Success','{\"responseData\":{\"vnp_Amount\":\"1000000\",\"vnp_BankCode\":\"NCB\",\"vnp_BankTranNo\":\"VNP14497847\",\"vnp_CardType\":\"ATM\",\"vnp_OrderInfo\":\"Nạp Tiền Vào Tài Khoản\",\"vnp_PayDate\":\"20240707140841\",\"vnp_ResponseCode\":\"00\",\"vnp_TmnCode\":\"QYBSTFGY\",\"vnp_TransactionNo\":\"14497847\",\"vnp_TransactionStatus\":\"00\",\"vnp_TxnRef\":\"6f9a621f301e421390cb4b626fa6867d\"},\"vnp_TmnCode\":\"QYBSTFGY\",\"vnp_BankCode\":\"NCB\",\"vnp_BankTranNo\":\"VNP14497847\",\"vnp_CardType\":\"ATM\",\"vnp_OrderInfo\":\"Nạp Tiền Vào Tài Khoản\",\"vnp_TransactionNo\":\"14497847\",\"vnp_TransactionStatus\":\"00\",\"vnp_TxnRef\":\"6f9a621f301e421390cb4b626fa6867d\",\"vnp_SecureHashType\":\"\",\"vnp_SecureHash\":\"58ce53c02468b3906c6f49c65a4109465efc97062a238226f2cf1a9a46c210f4492f4c7f638a88debc29a7be94a42b84a517190240e9e93d44323a23c71bd681\",\"vnp_Amount\":1000000,\"vnp_ResponseCode\":\"00\",\"vnp_PayDate\":\"20240707140841\"}','0','6f9a621f301e421390cb4b626fa6867d'),('ed3e71020285486b9a7882b65d46fe39','08ce75edefd446159f4f590cb78977ca','2024-07-07 13:51:07.421000',NULL,NULL,100000.00,'2024-07-07 13:51:07.400000','Transaction Success','{\"responseData\":{\"vnp_Amount\":\"10000000\",\"vnp_BankCode\":\"NCB\",\"vnp_BankTranNo\":\"VNP14497822\",\"vnp_CardType\":\"ATM\",\"vnp_OrderInfo\":\"Nạp Tiền Vào Tài Khoản\",\"vnp_PayDate\":\"20240707135044\",\"vnp_ResponseCode\":\"00\",\"vnp_TmnCode\":\"QYBSTFGY\",\"vnp_TransactionNo\":\"14497822\",\"vnp_TransactionStatus\":\"00\",\"vnp_TxnRef\":\"240d055ccec644ddb46c1a40514edb11\"},\"vnp_TmnCode\":\"QYBSTFGY\",\"vnp_BankCode\":\"NCB\",\"vnp_BankTranNo\":\"VNP14497822\",\"vnp_CardType\":\"ATM\",\"vnp_OrderInfo\":\"Nạp Tiền Vào Tài Khoản\",\"vnp_TransactionNo\":\"14497822\",\"vnp_TransactionStatus\":\"00\",\"vnp_TxnRef\":\"240d055ccec644ddb46c1a40514edb11\",\"vnp_SecureHashType\":\"\",\"vnp_SecureHash\":\"a79c615845d9bcdafeebe1980523d09f900835006b146ff8d4d38ba57dd397c61578dd90eb83eabd39f52e368e56c610ddadd392cac25f947e88dc2bf8ef8284\",\"vnp_Amount\":10000000,\"vnp_ResponseCode\":\"00\",\"vnp_PayDate\":\"20240707135044\"}','0','240d055ccec644ddb46c1a40514edb11'),('f9ed37cba566471394fe4975dc4e9ef1','08ce75edefd446159f4f590cb78977ca','2024-07-07 14:18:28.803000',NULL,NULL,10000.00,'2024-07-07 14:18:23.563000','Transaction Success','{\"responseData\":{\"vnp_Amount\":\"1000000\",\"vnp_BankCode\":\"NCB\",\"vnp_BankTranNo\":\"VNP14497855\",\"vnp_CardType\":\"ATM\",\"vnp_OrderInfo\":\"Nạp Tiền Vào Tài Khoản\",\"vnp_PayDate\":\"20240707141521\",\"vnp_ResponseCode\":\"00\",\"vnp_TmnCode\":\"QYBSTFGY\",\"vnp_TransactionNo\":\"14497855\",\"vnp_TransactionStatus\":\"00\",\"vnp_TxnRef\":\"036ab2ed0dd04cf2b3e58ac28643c970\"},\"vnp_TmnCode\":\"QYBSTFGY\",\"vnp_BankCode\":\"NCB\",\"vnp_BankTranNo\":\"VNP14497855\",\"vnp_CardType\":\"ATM\",\"vnp_OrderInfo\":\"Nạp Tiền Vào Tài Khoản\",\"vnp_TransactionNo\":\"14497855\",\"vnp_TransactionStatus\":\"00\",\"vnp_TxnRef\":\"036ab2ed0dd04cf2b3e58ac28643c970\",\"vnp_SecureHashType\":\"\",\"vnp_SecureHash\":\"3f6de5fe90d3f5222569393625bbcdf955c8e83f256930a904cbd2b177b9b4e962a74d4e9b2173a697ebeda8ce843de4d32d172e1bd3c1294be6edbee19443cd\",\"vnp_Amount\":1000000,\"vnp_ResponseCode\":\"00\",\"vnp_PayDate\":\"20240707141521\"}','0','036ab2ed0dd04cf2b3e58ac28643c970');
/*!40000 ALTER TABLE `payment_transaction` ENABLE KEYS */;
UNLOCK TABLES;

--
-- Dumping data for table `ratings`
--

LOCK TABLES `ratings` WRITE;
/*!40000 ALTER TABLE `ratings` DISABLE KEYS */;
INSERT INTO `ratings` VALUES (3,'2024-07-16 16:29:37.978000',2,'2024-07-16 16:37:18.288000',1,'08ce75edefd446159f4f590cb78977ca','08ce75edefd446159f4f590cb78977ca','08ce75edefd446159f4f590cb78977ca'),(4,'2024-07-16 16:29:37.978000',3,NULL,1,'5d65c24a9cc1477cbb9a6b02e2b5bfe0','5d65c24a9cc1477cbb9a6b02e2b5bfe0',NULL),(5,'2024-07-19 00:27:38.807000',4,NULL,1,'3a86c2981a16402cae488e7bf38322d6','3a86c2981a16402cae488e7bf38322d6',NULL);
/*!40000 ALTER TABLE `ratings` ENABLE KEYS */;
UNLOCK TABLES;

--
-- Dumping data for table `reports`
--

LOCK TABLES `reports` WRITE;
/*!40000 ALTER TABLE `reports` DISABLE KEYS */;
/*!40000 ALTER TABLE `reports` ENABLE KEYS */;
UNLOCK TABLES;

--
-- Dumping data for table `roles`
--

LOCK TABLES `roles` WRITE;
/*!40000 ALTER TABLE `roles` DISABLE KEYS */;
INSERT INTO `roles` VALUES (1,'khách Hàng','ROLE_CUSTOMER'),(2,'Nhà Cung Cấp','ROLE_SUPPLIER'),(3,'Quản Lý','ROLE_ADMIN');
/*!40000 ALTER TABLE `roles` ENABLE KEYS */;
UNLOCK TABLES;

--
-- Dumping data for table `service_album_entity_image_url_list`
--

LOCK TABLES `service_album_entity_image_url_list` WRITE;
/*!40000 ALTER TABLE `service_album_entity_image_url_list` DISABLE KEYS */;
INSERT INTO `service_album_entity_image_url_list` VALUES (0,1,'https://www.marry.vn/images/thumbnails/204/300/detailed/244/grand-huong3.jpg'),(0,2,'https://www.marry.vn/images/thumbnails/204/300/detailed/244/grand-huong3.jpg'),(1,1,'https://www.marry.vn/images/thumbnails/204/300/detailed/244/grand-huong3.jpg'),(1,2,'https://www.marry.vn/images/thumbnails/204/300/detailed/244/grand-huong3.jpg'),(2,1,'https://www.marry.vn/images/thumbnails/204/300/detailed/244/grand-huong3.jpg'),(3,1,'https://www.marry.vn/images/thumbnails/204/300/detailed/244/grand-huong3.jpg'),(4,1,'https://www.marry.vn/images/thumbnails/204/300/detailed/244/grand-huong3.jpg');
/*!40000 ALTER TABLE `service_album_entity_image_url_list` ENABLE KEYS */;
UNLOCK TABLES;

--
-- Dumping data for table `service_albums`
--

LOCK TABLES `service_albums` WRITE;
/*!40000 ALTER TABLE `service_albums` DISABLE KEYS */;
INSERT INTO `service_albums` VALUES (1,1,'Dream','Dream',NULL),(2,2,'album service 2','service 2',NULL);
/*!40000 ALTER TABLE `service_albums` ENABLE KEYS */;
UNLOCK TABLES;

--
-- Dumping data for table `service_promotions`
--

LOCK TABLES `service_promotions` WRITE;
/*!40000 ALTER TABLE `service_promotions` DISABLE KEYS */;
/*!40000 ALTER TABLE `service_promotions` ENABLE KEYS */;
UNLOCK TABLES;

--
-- Dumping data for table `service_types`
--

LOCK TABLES `service_types` WRITE;
/*!40000 ALTER TABLE `service_types` DISABLE KEYS */;
INSERT INTO `service_types` VALUES (1,NULL,'https://www.marry.vn/design/themes/marry/media/images/icons/nha-hang-tiec-cuoi.svg','Nhà hàng tiệc cưới'),(2,NULL,'https://www.marry.vn/design/themes/marry/media/images/icons/nhan-cuoi.svg','Nhẫn cưới'),(3,NULL,'https://www.marry.vn/design/themes/marry/media/images/icons/qua-cuoi.svg','Quà cưới'),(4,NULL,'https://www.marry.vn/design/themes/marry/media/images/icons/chup-anh-cuoi.svg','Chụp ảnh cưới'),(5,NULL,'https://www.marry.vn/design/themes/marry/media/images/icons/trang-diem-co-dau.svg','Trang điểm cô dâu'),(6,NULL,'https://www.marry.vn/design/themes/marry/media/images/icons/nghi-thuc-le-cuoi.svg','Nghi thức lễ cưới'),(7,NULL,'https://www.marry.vn/design/themes/marry/media/images/icons/trang-phuc-cuoi.svg','Trang phục cưới'),(8,NULL,'https://www.marry.vn/design/themes/marry/media/images/icons/hoa-cuoi.svg','Hoa cưới'),(9,NULL,'https://www.marry.vn/design/themes/marry/media/images/icons/thiep-cuoi.svg','Thiệp cưới'),(10,NULL,'https://www.marry.vn/design/themes/marry/media/images/icons/xe-cuoi.svg','Xe cưới'),(11,NULL,'https://www.marry.vn/design/themes/marry/media/images/icons/wedding-planner.svg','Wedding planner'),(12,NULL,'https://www.marry.vn/design/themes/marry/media/images/icons/trang-mat.svg','Trăng mật'),(13,NULL,'https://www.marry.vn/design/themes/marry/media/images/icons/noi-that-cuoi.svg','Nội thất cưới'),(14,NULL,'https://www.marry.vn/design/themes/marry/media/images/icons/dich-vu-khac.svg','Dịch vụ khác');
/*!40000 ALTER TABLE `service_types` ENABLE KEYS */;
UNLOCK TABLES;

--
-- Dumping data for table `services`
--

LOCK TABLES `services` WRITE;
/*!40000 ALTER TABLE `services` DISABLE KEYS */;
INSERT INTO `services` VALUES (1,'Trung Tâm Hội Nghị - Tiệc Cưới Grand Palace 1','Quận Bình Tân Thành phố Hồ Chí Minh','https://www.marry.vn/images/thumbnails/204/300/detailed/244/grand-huong3.jpg',300000.00,'Đoạn video mới được công bố cho thấy, nghi phạm Thomas Matthew Crooks đã lảng vảng gần buổi vận động tranh cử của ông Trump trước một giờ nổ súng.Đoạn video mới được công bố cho thấy, nghi phạm Thomas Matthew Crooks đã lảng vảng gần buổi vận động tranh cử của ông Trump trước một giờ nổ súng.Đoạn video mới được công bố cho thấy, nghi phạm Thomas Matthew Crooks đã lảng vảng gần buổi vận động tranh cử của ông Trump trước một giờ nổ súng.Đoạn video mới được công bố cho thấy, nghi phạm Thomas Matthew Crooks đã lảng vảng gần buổi vận động tranh cử của ông Trump trước một giờ nổ súng.',1,1,_binary '\0','2024-06-21 01:11:53.493000',NULL,'08ce75edefd446159f4f590cb78977ca',NULL,'localhost:8080',NULL,'0332101032',NULL,'APPROVED'),(2,'Trung Tâm Hội Nghị - Tiệc Cưới Grand Palace 2','Quận Bình Tân Thành phố Hồ Chí Minh','https://www.marry.vn/images/thumbnails/204/300/detailed/244/grand-huong3.jpg',300000.00,NULL,1,1,_binary '\0','2024-06-21 01:11:53.493000',NULL,'08ce75edefd446159f4f590cb78977ca',NULL,NULL,NULL,'0332101032',NULL,'REVIEW'),(3,'Trung Tâm Hội Nghị - Tiệc Cưới Grand Palace 3','Quận Bình Tân Thành phố Hồ Chí Minh','https://www.marry.vn/images/thumbnails/204/300/detailed/244/grand-huong3.jpg',300000.00,NULL,1,1,_binary '\0','2024-06-21 01:11:53.493000',NULL,'08ce75edefd446159f4f590cb78977ca',NULL,NULL,NULL,'0332101032',NULL,'APPROVED'),(4,'Trung Tâm Hội Nghị - Tiệc Cưới Grand Palace 4','Quận Bình Tân Thành phố Hồ Chí Minh','https://www.marry.vn/images/thumbnails/204/300/detailed/244/grand-huong3.jpg',300000.00,NULL,1,1,_binary '\0','2024-06-21 01:11:53.493000',NULL,'08ce75edefd446159f4f590cb78977ca',NULL,NULL,NULL,'0332101032',NULL,'APPROVED'),(5,'Trung Tâm Hội Nghị - Tiệc Cưới Grand Palace 5','Quận Bình Tân Thành phố Hồ Chí Minh','https://www.marry.vn/images/thumbnails/204/300/detailed/244/grand-huong3.jpg',300000.00,NULL,1,2,_binary '\0','2024-06-21 01:11:53.493000',NULL,'08ce75edefd446159f4f590cb78977ca',NULL,NULL,NULL,'0332101032',NULL,'APPROVED'),(6,'Trung Tâm Hội Nghị - Tiệc Cưới Grand Palace 5','Quận Bình Tân Thành phố Hồ Chí Minh','https://www.marry.vn/images/thumbnails/204/300/detailed/244/grand-huong3.jpg',NULL,'Đoạn video mới được công bố cho thấy, nghi phạm Thomas Matthew Crooks đã lảng vảng gần buổi vận động tranh cử của ông Trump trước một giờ nổ súng.Đoạn video mới được công bố cho thấy, nghi phạm Thomas Matthew Crooks đã lảng vảng gần buổi vận động tranh cử của ông Trump trước một giờ nổ súng.Đoạn video mới được công bố cho thấy, nghi phạm Thomas Matthew Crooks đã lảng vảng gần buổi vận động tranh cử của ông Trump trước một giờ nổ súng.Đoạn video mới được công bố cho thấy, nghi phạm Thomas Matthew Crooks đã lảng vảng gần buổi vận động tranh cử của ông Trump trước một giờ nổ súng.',1,3,_binary '\0','2024-06-21 01:11:53.493000',NULL,'08ce75edefd446159f4f590cb78977ca',NULL,NULL,NULL,'0332101032',NULL,'APPROVED'),(7,'Trung Tâm Hội Nghị - Tiệc Cưới Grand Palace 6','Quận Bình Tân Thành phố Hồ Chí Minh','https://www.marry.vn/images/thumbnails/204/300/detailed/244/grand-huong3.jpg',NULL,'Đoạn video mới được công bố cho thấy, nghi phạm Thomas Matthew Crooks đã lảng vảng gần buổi vận động tranh cử của ông Trump trước một giờ nổ súng.Đoạn video mới được công bố cho thấy, nghi phạm Thomas Matthew Crooks đã lảng vảng gần buổi vận động tranh cử của ông Trump trước một giờ nổ súng.Đoạn video mới được công bố cho thấy, nghi phạm Thomas Matthew Crooks đã lảng vảng gần buổi vận động tranh cử của ông Trump trước một giờ nổ súng.Đoạn video mới được công bố cho thấy, nghi phạm Thomas Matthew Crooks đã lảng vảng gần buổi vận động tranh cử của ông Trump trước một giờ nổ súng.',1,3,_binary '\0','2024-06-21 01:11:53.493000',NULL,'08ce75edefd446159f4f590cb78977ca',NULL,NULL,NULL,'0332101032',NULL,'APPROVED'),(8,'Trung Tâm Hội Nghị - Tiệc Cưới Grand Palace 7','Quận Bình Tân Thành phố Hồ Chí Minh','https://www.marry.vn/images/thumbnails/204/300/detailed/244/grand-huong3.jpg',NULL,'Đoạn video mới được công bố cho thấy, nghi phạm Thomas Matthew Crooks đã lảng vảng gần buổi vận động tranh cử của ông Trump trước một giờ nổ súng.Đoạn video mới được công bố cho thấy, nghi phạm Thomas Matthew Crooks đã lảng vảng gần buổi vận động tranh cử của ông Trump trước một giờ nổ súng.Đoạn video mới được công bố cho thấy, nghi phạm Thomas Matthew Crooks đã lảng vảng gần buổi vận động tranh cử của ông Trump trước một giờ nổ súng.Đoạn video mới được công bố cho thấy, nghi phạm Thomas Matthew Crooks đã lảng vảng gần buổi vận động tranh cử của ông Trump trước một giờ nổ súng.',1,3,_binary '\0','2024-06-21 01:11:53.493000',NULL,'08ce75edefd446159f4f590cb78977ca',NULL,NULL,NULL,'0332101032',NULL,'APPROVED'),(9,'Trung Tâm Hội Nghị - Tiệc Cưới Grand Palace 8','Quận Bình Tân Thành phố Hồ Chí Minh','https://www.marry.vn/images/thumbnails/204/300/detailed/244/grand-huong3.jpg',NULL,'Đoạn video mới được công bố cho thấy, nghi phạm Thomas Matthew Crooks đã lảng vảng gần buổi vận động tranh cử của ông Trump trước một giờ nổ súng.Đoạn video mới được công bố cho thấy, nghi phạm Thomas Matthew Crooks đã lảng vảng gần buổi vận động tranh cử của ông Trump trước một giờ nổ súng.Đoạn video mới được công bố cho thấy, nghi phạm Thomas Matthew Crooks đã lảng vảng gần buổi vận động tranh cử của ông Trump trước một giờ nổ súng.Đoạn video mới được công bố cho thấy, nghi phạm Thomas Matthew Crooks đã lảng vảng gần buổi vận động tranh cử của ông Trump trước một giờ nổ súng.',1,3,_binary '\0','2024-06-21 01:11:53.493000',NULL,'08ce75edefd446159f4f590cb78977ca',NULL,NULL,NULL,'0332101032',NULL,'APPROVED'),(10,'Trung Tâm Hội Nghị - Tiệc Cưới Grand Palace 9','Quận Bình Tân Thành phố Hồ Chí Minh','https://www.marry.vn/images/thumbnails/204/300/detailed/244/grand-huong3.jpg',NULL,'Đoạn video mới được công bố cho thấy, nghi phạm Thomas Matthew Crooks đã lảng vảng gần buổi vận động tranh cử của ông Trump trước một giờ nổ súng.Đoạn video mới được công bố cho thấy, nghi phạm Thomas Matthew Crooks đã lảng vảng gần buổi vận động tranh cử của ông Trump trước một giờ nổ súng.Đoạn video mới được công bố cho thấy, nghi phạm Thomas Matthew Crooks đã lảng vảng gần buổi vận động tranh cử của ông Trump trước một giờ nổ súng.Đoạn video mới được công bố cho thấy, nghi phạm Thomas Matthew Crooks đã lảng vảng gần buổi vận động tranh cử của ông Trump trước một giờ nổ súng.',1,3,_binary '\0','2024-06-21 01:11:53.493000',NULL,'08ce75edefd446159f4f590cb78977ca',NULL,NULL,NULL,'0332101032',NULL,'APPROVED'),(11,'Trung Tâm Hội Nghị - Tiệc Cưới Grand Palace 10','Quận Bình Tân Thành phố Hồ Chí Minh','https://www.marry.vn/images/thumbnails/204/300/detailed/244/grand-huong3.jpg',NULL,'Đoạn video mới được công bố cho thấy, nghi phạm Thomas Matthew Crooks đã lảng vảng gần buổi vận động tranh cử của ông Trump trước một giờ nổ súng.Đoạn video mới được công bố cho thấy, nghi phạm Thomas Matthew Crooks đã lảng vảng gần buổi vận động tranh cử của ông Trump trước một giờ nổ súng.Đoạn video mới được công bố cho thấy, nghi phạm Thomas Matthew Crooks đã lảng vảng gần buổi vận động tranh cử của ông Trump trước một giờ nổ súng.Đoạn video mới được công bố cho thấy, nghi phạm Thomas Matthew Crooks đã lảng vảng gần buổi vận động tranh cử của ông Trump trước một giờ nổ súng.',1,3,_binary '\0','2024-06-21 01:11:53.493000',NULL,'08ce75edefd446159f4f590cb78977ca',NULL,NULL,NULL,'0332101032',NULL,'APPROVED');
/*!40000 ALTER TABLE `services` ENABLE KEYS */;
UNLOCK TABLES;

--
-- Dumping data for table `supplier`
--

LOCK TABLES `supplier` WRITE;
/*!40000 ALTER TABLE `supplier` DISABLE KEYS */;
INSERT INTO `supplier` VALUES ('2024-06-21 01:11:53.493000',1,NULL,'08ce75edefd446159f4f590cb78977ca','23 trần hung dao, Thị trấn Cờ Đỏ, Huyện Cờ Đỏ, Thành phố Cần Thơ','08ce75edefd446159f4f590cb78977ca','huyenmy1@gmail.com','https://media.phunutoday.vn/files/content/2024/05/25/huyenmy-1453.jpg',NULL,'Huyen My Restaurant','0934126912',_binary '\0');
/*!40000 ALTER TABLE `supplier` ENABLE KEYS */;
UNLOCK TABLES;

--
-- Dumping data for table `tokens`
--

LOCK TABLES `tokens` WRITE;
/*!40000 ALTER TABLE `tokens` DISABLE KEYS */;
INSERT INTO `tokens` VALUES (_binary '',_binary '',1,'08ce75edefd446159f4f590cb78977ca','eyJhbGciOiJIUzI1NiJ9.eyJzdWIiOiIrODQzMzIxMDEwMzIiLCJpYXQiOjE3MTkyNTEwOTYsImV4cCI6MTcxOTI1ODI5Nn0.oNtE-mg1PGkNM3tsu-4cyRsDaeJ-BEU2r4PIjFYNNHI','BEARER'),(_binary '',_binary '',2,'08ce75edefd446159f4f590cb78977ca','eyJhbGciOiJIUzI1NiJ9.eyJzdWIiOiIrODQzMzIxMDEwMzIiLCJpYXQiOjE3MTkyNTI0OTYsImV4cCI6MTcxOTI1OTY5Nn0.r2edueQoWgKHxi5poKxinXNwCXp6ZTOXDwelJUVwS10','BEARER'),(_binary '',_binary '',3,'08ce75edefd446159f4f590cb78977ca','eyJhbGciOiJIUzI1NiJ9.eyJzdWIiOiIrODQzMzIxMDEwMzIiLCJpYXQiOjE3MTkyNTI3NTAsImV4cCI6MTcxOTI1OTk1MH0.vfTdV6rnMm48Jooz5OI-kxMX8coNexw2I9JCPmUCpBE','BEARER'),(_binary '',_binary '',4,'5d65c24a9cc1477cbb9a6b02e2b5bfe0','eyJhbGciOiJIUzI1NiJ9.eyJzdWIiOiIrODQzMzIxMDEwMzUiLCJpYXQiOjE3MTkyNTM3NDQsImV4cCI6MTcxOTI2MDk0NH0.4cQjhTobvNvI-sJoHL3cvtwyulMIRbBcLDDiAt9--74','BEARER'),(_binary '',_binary '',5,'5d65c24a9cc1477cbb9a6b02e2b5bfe0','eyJhbGciOiJIUzI1NiJ9.eyJzdWIiOiIrODQzMzIxMDEwMzUiLCJpYXQiOjE3MTkyNTY3OTksImV4cCI6MTcxOTI2Mzk5OX0.anHM9M9DBSf7c8HApIaPTKG536DpysEu3ifnNTtAI0E','BEARER'),(_binary '',_binary '',6,'5d65c24a9cc1477cbb9a6b02e2b5bfe0','eyJhbGciOiJIUzI1NiJ9.eyJzdWIiOiIrODQzMzIxMDEwMzUiLCJpYXQiOjE3MTkyNTY4MzIsImV4cCI6MTcxOTI2NDAzMn0.GxYrVlYS_JE3ZAap-Gm2xa_vD7cVA9AwbEbyvKah7LM','BEARER'),(_binary '',_binary '',7,'5d65c24a9cc1477cbb9a6b02e2b5bfe0','eyJhbGciOiJIUzI1NiJ9.eyJzdWIiOiIrODQzMzIxMDEwMzUiLCJpYXQiOjE3MTkyNTY4NDUsImV4cCI6MTcxOTI2NDA0NX0.UrxRFdOFI23KzgyJYo563egRjOyrJkjZMBolXWKig8A','BEARER'),(_binary '',_binary '',8,'5d65c24a9cc1477cbb9a6b02e2b5bfe0','eyJhbGciOiJIUzI1NiJ9.eyJzdWIiOiIrODQzMzIxMDEwMzUiLCJpYXQiOjE3MTkyNTY4NjAsImV4cCI6MTcxOTI2NDA2MH0.Z3iQ6AWovx1tfq-M0fOYAEpxpmOSWusGVe_ZwRF4UAE','BEARER'),(_binary '',_binary '',9,'5d65c24a9cc1477cbb9a6b02e2b5bfe0','eyJhbGciOiJIUzI1NiJ9.eyJzdWIiOiIrODQzMzIxMDEwMzUiLCJpYXQiOjE3MTkyNTcyODAsImV4cCI6MTcxOTI2NDQ4MH0.Tq28mWGVnqXjM9rjnrcpWd9jGtGnwcaIc4f43E_U3QI','BEARER'),(_binary '',_binary '',10,'5d65c24a9cc1477cbb9a6b02e2b5bfe0','eyJhbGciOiJIUzI1NiJ9.eyJzdWIiOiIrODQzMzIxMDEwMzUiLCJpYXQiOjE3MTkyNTc3NTQsImV4cCI6MTcxOTI2NDk1NH0.f0diH4KV0dXBkP64kIarrNGRrdd5-rNuYHYdin5cou4','BEARER'),(_binary '',_binary '',11,'5d65c24a9cc1477cbb9a6b02e2b5bfe0','eyJhbGciOiJIUzI1NiJ9.eyJzdWIiOiIrODQzMzIxMDEwMzUiLCJpYXQiOjE3MTkzMjg2ODIsImV4cCI6MTcxOTMzNTg4Mn0.MOv2gi4zj9G7vyhI3p5DI8J9l4rAasbixAVlTBgHtlE','BEARER'),(_binary '',_binary '',12,'5d65c24a9cc1477cbb9a6b02e2b5bfe0','eyJhbGciOiJIUzI1NiJ9.eyJzdWIiOiIrODQzMzIxMDEwMzUiLCJpYXQiOjE3MTkzMjg3MjYsImV4cCI6MTcxOTMzNTkyNn0.WFMkPTwcfTu7ZKnuom-47kPf91sQOhu-c2plpqfQbzc','BEARER'),(_binary '',_binary '',13,'08ce75edefd446159f4f590cb78977ca','eyJhbGciOiJIUzI1NiJ9.eyJzdWIiOiIrODQzMzIxMDEwMzIiLCJpYXQiOjE3MTkzMzgzODYsImV4cCI6MTcxOTM0NTU4Nn0.-lASrvdmBwD9DKuFc9Mt03uezp3_pd6o0vlCzsDCmZw','BEARER'),(_binary '',_binary '',14,'5d65c24a9cc1477cbb9a6b02e2b5bfe0','eyJhbGciOiJIUzI1NiJ9.eyJzdWIiOiIrODQzMzIxMDEwMzUiLCJpYXQiOjE3MTkzMzg3OTksImV4cCI6MTcxOTM0NTk5OX0.ArbkEbyo9Bxe_wDOGRQld1QmDjmaLY-OqCK72m7q5Dg','BEARER'),(_binary '',_binary '',15,'08ce75edefd446159f4f590cb78977ca','eyJhbGciOiJIUzI1NiJ9.eyJzdWIiOiIrODQzMzIxMDEwMzIiLCJpYXQiOjE3MTkzMzg4NjgsImV4cCI6MTcxOTM0NjA2OH0.Uv61aBor0cB4D3mnuXV8Yf8Ueuk1QVVW3XhT8YR2_Nk','BEARER'),(_binary '',_binary '',16,'08ce75edefd446159f4f590cb78977ca','eyJhbGciOiJIUzI1NiJ9.eyJzdWIiOiIrODQzMzIxMDEwMzIiLCJpYXQiOjE3MTkzMzg5MDgsImV4cCI6MTcxOTM0NjEwOH0.qjEubrW_2nwZ08LdP7_amXF0eX_va3dgYbx2phrJK28','BEARER'),(_binary '',_binary '',17,'5d65c24a9cc1477cbb9a6b02e2b5bfe0','eyJhbGciOiJIUzI1NiJ9.eyJzdWIiOiIrODQzMzIxMDEwMzUiLCJpYXQiOjE3MTkzMzg5MjEsImV4cCI6MTcxOTM0NjEyMX0.hgy1i_qG5ZRvjPlG5XKvgdcqU8yS6OlRGCkl8gcXRw4','BEARER'),(_binary '',_binary '',18,'5d65c24a9cc1477cbb9a6b02e2b5bfe0','eyJhbGciOiJIUzI1NiJ9.eyJzdWIiOiIrODQzMzIxMDEwMzUiLCJpYXQiOjE3MTkzNDE1ODksImV4cCI6MTcxOTM0ODc4OX0.acSDbUFN9JdZI87vFZYuQWKCi4tnjw7pS4l4RMFEY1w','BEARER'),(_binary '',_binary '',19,'08ce75edefd446159f4f590cb78977ca','eyJhbGciOiJIUzI1NiJ9.eyJzdWIiOiIrODQzMzIxMDEwMzIiLCJpYXQiOjE3MTk0MTYxMTMsImV4cCI6MTcxOTQyMzMxM30.WaM2mnpg464TP-d6WUaqJbcYxxwY-a-ueOw0jW9nOFc','BEARER'),(_binary '',_binary '',20,'08ce75edefd446159f4f590cb78977ca','eyJhbGciOiJIUzI1NiJ9.eyJzdWIiOiIrODQzMzIxMDEwMzIiLCJpYXQiOjE3MjAxMTQ3NjAsImV4cCI6MTcyMDEyMTk2MH0.nkABa8UXgAX-ov0RHBAeyLS33-IFg7TMxx75x25_ZUU','BEARER'),(_binary '',_binary '',21,'08ce75edefd446159f4f590cb78977ca','eyJhbGciOiJIUzI1NiJ9.eyJzdWIiOiIrODQzMzIxMDEwMzIiLCJpYXQiOjE3MjAxMjE4NTMsImV4cCI6MTcyMDEyOTA1M30.y528nkIM1OczJPfcxLiAvwG3vkDcK4j7kAJAZLF4yOc','BEARER'),(_binary '',_binary '',22,'08ce75edefd446159f4f590cb78977ca','eyJhbGciOiJIUzI1NiJ9.eyJzdWIiOiIrODQzMzIxMDEwMzIiLCJpYXQiOjE3MjAxNjUwMTgsImV4cCI6MTcyMDE3MjIxOH0.gE2poAF_KmMITcXor0ZIoJ0ItwW8gYkYDCWvWUpsrLg','BEARER'),(_binary '',_binary '',23,'08ce75edefd446159f4f590cb78977ca','eyJhbGciOiJIUzI1NiJ9.eyJzdWIiOiIrODQzMzIxMDEwMzIiLCJpYXQiOjE3MjAxNzA2MjQsImV4cCI6MTcyMDE3NzgyNH0.0G4wxZUFoSlc48SD8YxiQcGP90zbad52y6FuM06qd3U','BEARER'),(_binary '',_binary '',24,'08ce75edefd446159f4f590cb78977ca','eyJhbGciOiJIUzI1NiJ9.eyJzdWIiOiIrODQzMzIxMDEwMzIiLCJpYXQiOjE3MjAyMDA5NDgsImV4cCI6MTcyMDIwODE0OH0.0XjPwjo_5ptJHB6D8PVztscPqyGckk8j29paryAgvvk','BEARER'),(_binary '',_binary '',25,'08ce75edefd446159f4f590cb78977ca','eyJhbGciOiJIUzI1NiJ9.eyJzdWIiOiIrODQzMzIxMDEwMzIiLCJpYXQiOjE3MjAyOTI1ODQsImV4cCI6MTcyMDI5OTc4NH0.dpqkVqgQt6B8-EIHlI5TuKJOYqw303xQNI0b4-VVu0Q','BEARER'),(_binary '',_binary '',26,'08ce75edefd446159f4f590cb78977ca','eyJhbGciOiJIUzI1NiJ9.eyJzdWIiOiIrODQzMzIxMDEwMzIiLCJpYXQiOjE3MjAzMjczNzQsImV4cCI6MTcyMDMzNDU3NH0.R_RJAVsWB72SLMm-bUpyN-uFg5CaiB_t2PmCxx1Tw5c','BEARER'),(_binary '',_binary '',27,'08ce75edefd446159f4f590cb78977ca','eyJhbGciOiJIUzI1NiJ9.eyJzdWIiOiIrODQzMzIxMDEwMzIiLCJpYXQiOjE3MjAzMzM4ODksImV4cCI6MTcyMDM0MTA4OX0.60g0HgXcjFFgut690bFxEZDpZX2ZlPq2My_YbiX3hgw','BEARER'),(_binary '',_binary '',28,'08ce75edefd446159f4f590cb78977ca','eyJhbGciOiJIUzI1NiJ9.eyJzdWIiOiIrODQzMzIxMDEwMzIiLCJpYXQiOjE3MjAzMzQ5MjUsImV4cCI6MTcyMDM0MjEyNX0.V3J57BRVgnG0sUtzMKHd6pu0F6NWFAg9tZetrUkKFZo','BEARER'),(_binary '',_binary '',29,'08ce75edefd446159f4f590cb78977ca','eyJhbGciOiJIUzI1NiJ9.eyJzdWIiOiIrODQzMzIxMDEwMzIiLCJpYXQiOjE3MjAzMzc1MzEsImV4cCI6MTcyMDM0NDczMX0.RouLCduXKzPDolgaQrlovLkeO6v2LMyDa8whd6vTi3Y','BEARER'),(_binary '',_binary '',30,'f1d7f9ea8986480d86d6cb0ac3c7cb63','eyJhbGciOiJIUzI1NiJ9.eyJzdWIiOiIrODQzMzIxMDEwMzkiLCJpYXQiOjE3MjAzMzk0NDIsImV4cCI6MTcyMDM0NjY0Mn0.SRT36FOqDP7cJlPsnNO13d4M1Zmq8zTazHg0j8JCxHU','BEARER'),(_binary '',_binary '',31,'f1d7f9ea8986480d86d6cb0ac3c7cb63','eyJhbGciOiJIUzI1NiJ9.eyJzdWIiOiIrODQzMzIxMDEwMzkiLCJpYXQiOjE3MjAzMzk0NTYsImV4cCI6MTcyMDM0NjY1Nn0.pyLgVXxKZdRw_1-xUhzA1USNL9oYXFqP6mEcvnWOsnA','BEARER'),(_binary '\0',_binary '\0',32,'f1d7f9ea8986480d86d6cb0ac3c7cb63','eyJhbGciOiJIUzI1NiJ9.eyJzdWIiOiIrODQzMzIxMDEwMzkiLCJpYXQiOjE3MjAzMzk3MDQsImV4cCI6MTcyMDM0NjkwNH0.ryhE8U9Lr94TbOGcLvRRyL-PHZKrfhIQKXMEFDlHhH8','BEARER'),(_binary '',_binary '',33,'08ce75edefd446159f4f590cb78977ca','eyJhbGciOiJIUzI1NiJ9.eyJzdWIiOiIrODQzMzIxMDEwMzIiLCJpYXQiOjE3MjAzNDAzMDcsImV4cCI6MTcyMDM0NzUwN30.3cbIXva_IFJK1gSX4olhcd_PP1aHPGvTtYnomcEOZqI','BEARER'),(_binary '',_binary '',34,'08ce75edefd446159f4f590cb78977ca','eyJhbGciOiJIUzI1NiJ9.eyJzdWIiOiIrODQzMzIxMDEwMzIiLCJpYXQiOjE3MjA3MjA4MjgsImV4cCI6MTcyMDcyODAyOH0.EImJC51AC5oCUo8_6bk01rT-oRKZpRU_645iT80iyrk','BEARER'),(_binary '',_binary '',35,'08ce75edefd446159f4f590cb78977ca','eyJhbGciOiJIUzI1NiJ9.eyJzdWIiOiIrODQzMzIxMDEwMzIiLCJpYXQiOjE3MjA3NzA5NzUsImV4cCI6MTcyMDc3ODE3NX0.dwiueJqbyKy7ezNrtPsuccE1dI4d1-KtnTlNwm0dlZs','BEARER'),(_binary '',_binary '',36,'08ce75edefd446159f4f590cb78977ca','eyJhbGciOiJIUzI1NiJ9.eyJzdWIiOiIrODQzMzIxMDEwMzIiLCJpYXQiOjE3MjExMTkyOTcsImV4cCI6MTcyMTEyNjQ5N30.qLsDxsMV4duxycmXlP0b9omfz6CTU3upbOhq29ZL4Bc','BEARER'),(_binary '',_binary '',37,'08ce75edefd446159f4f590cb78977ca','eyJhbGciOiJIUzI1NiJ9.eyJzdWIiOiIrODQzMzIxMDEwMzIiLCJpYXQiOjE3MjExMjQ5ODcsImV4cCI6MTcyMTEzMjE4N30.odFTyoI1z6bYG90atQCG9glXVWUQ1R6ghc7Ppv4M4QI','BEARER'),(_binary '',_binary '',38,'08ce75edefd446159f4f590cb78977ca','eyJhbGciOiJIUzI1NiJ9.eyJzdWIiOiIrODQzMzIxMDEwMzIiLCJpYXQiOjE3MjEyODI0NzIsImV4cCI6MTcyMTI4OTY3Mn0.ISpdl385lrwTUs7OtTrD9DQidB1oY61YHUG1kBV1s6o','BEARER'),(_binary '',_binary '',39,'08ce75edefd446159f4f590cb78977ca','eyJhbGciOiJIUzI1NiJ9.eyJzdWIiOiIrODQzMzIxMDEwMzIiLCJpYXQiOjE3MjEzMjExOTksImV4cCI6MTcyMTMyODM5OX0.kPg4EMm7fDoSsHKHKmDJSEscdfTuwZzNAbkCW8qja84','BEARER'),(_binary '\0',_binary '\0',40,'5d65c24a9cc1477cbb9a6b02e2b5bfe0','eyJhbGciOiJIUzI1NiJ9.eyJzdWIiOiIrODQzMzIxMDEwMzUiLCJpYXQiOjE3MjEzMjI4MzQsImV4cCI6MTcyMTMzMDAzNH0.d8t6-sRv9Ou26uoqDRdIk82fAjfV_jaVC_hrQiRaJ_A','BEARER'),(_binary '',_binary '',41,'3a86c2981a16402cae488e7bf38322d6','eyJhbGciOiJIUzI1NiJ9.eyJzdWIiOiIrODQzMzIxMDEwMzMiLCJpYXQiOjE3MjEzMjMxOTAsImV4cCI6MTcyMTMzMDM5MH0.cTevr8kD0gnFSOVcu341O-HSkC8xk0dC2XM9s7dbVVw','BEARER'),(_binary '\0',_binary '\0',42,'3a86c2981a16402cae488e7bf38322d6','eyJhbGciOiJIUzI1NiJ9.eyJzdWIiOiIrODQzMzIxMDEwMzMiLCJpYXQiOjE3MjEzMjM2NTQsImV4cCI6MTcyMTMzMDg1NH0.ymVHik7hxKD6TfzA2gmZkPWHfnyLb_SOl5TwZM-pPJc','BEARER'),(_binary '',_binary '',43,'08ce75edefd446159f4f590cb78977ca','eyJhbGciOiJIUzI1NiJ9.eyJzdWIiOiIrODQzMzIxMDEwMzIiLCJpYXQiOjE3MjEzNzMwNDYsImV4cCI6MTcyMTM4MDI0Nn0.rBEENmxSRBcflL06qDqG6Q5GI4xruLTXjt46dY-FYNM','BEARER'),(_binary '',_binary '',44,'08ce75edefd446159f4f590cb78977ca','eyJhbGciOiJIUzI1NiJ9.eyJzdWIiOiIrODQzMzIxMDEwMzIiLCJpYXQiOjE3MjE1NDYyNTYsImV4cCI6MTcyMTU1MzQ1Nn0.3HtR4t4-LiDqjp83h3cbd0MjeNOEpCvauiUjfn4tU-E','BEARER'),(_binary '\0',_binary '\0',45,'08ce75edefd446159f4f590cb78977ca','eyJhbGciOiJIUzI1NiJ9.eyJzdWIiOiIrODQzMzIxMDEwMzIiLCJpYXQiOjE3MjE1ODExOTEsImV4cCI6MTcyMTU4ODM5MX0.e7UoeT8MHvjrjhIaY-ni_MtFCnwr1qfcEQXPV4pV_Xw','BEARER');
/*!40000 ALTER TABLE `tokens` ENABLE KEYS */;
UNLOCK TABLES;

--
-- Dumping data for table `user_role`
--

LOCK TABLES `user_role` WRITE;
/*!40000 ALTER TABLE `user_role` DISABLE KEYS */;
INSERT INTO `user_role` VALUES (1,'08ce75edefd446159f4f590cb78977ca'),(2,'08ce75edefd446159f4f590cb78977ca'),(1,'3a86c2981a16402cae488e7bf38322d6'),(1,'5d65c24a9cc1477cbb9a6b02e2b5bfe0'),(2,'5d65c24a9cc1477cbb9a6b02e2b5bfe0'),(1,'f1d7f9ea8986480d86d6cb0ac3c7cb63'),(2,'f1d7f9ea8986480d86d6cb0ac3c7cb63');
/*!40000 ALTER TABLE `user_role` ENABLE KEYS */;
UNLOCK TABLES;

--
-- Dumping data for table `users`
--

LOCK TABLES `users` WRITE;
/*!40000 ALTER TABLE `users` DISABLE KEYS */;
INSERT INTO `users` VALUES (320000.00,_binary '',_binary '\0',_binary '',_binary '\0','2024-06-21 01:11:53.493000','2001-09-18 07:00:00.000000','2024-07-07 14:51:03.905000','08ce75edefd446159f4f590cb78977ca','Nhà đất thiên an,thị xã Điện Bàn,xã Điện Hoà,Quảng Nam','','lehuuthang12a2thptcl@gmail.com',NULL,'$2a$10$DDHTUAEVgd36Sq3KN/1dCu6aRvtAF6l83DuCgotTMTC5XkMJ7N2p6','+84332101032','http://res.cloudinary.com/dqj1yqlkb/image/upload/v1720329189/51b085c8-d7d6-41e2-9f3b-926c493013ec.png','Yaga'),(0.00,_binary '',_binary '\0',_binary '\0',_binary '\0','2024-07-19 00:19:45.647000',NULL,NULL,'3a86c2981a16402cae488e7bf38322d6',NULL,'',NULL,NULL,'$2a$10$3B529PB3iYLIYjOa1mkdP.5IDb0yET8lW9mEiYmycogmkUytmp8xy','+84332101033',NULL,'Thang ne'),(0.00,_binary '',_binary '\0',_binary '',_binary '\0','2024-06-25 01:28:56.352000',NULL,NULL,'5d65c24a9cc1477cbb9a6b02e2b5bfe0',NULL,'',NULL,NULL,'$2a$10$ntT8Fnd7lJwnSmEknNGpX.dobje.z0mFVVxXtwhZZlR9lXzTlFW16','+84332101035',NULL,'HuuThang'),(100000.00,_binary '',_binary '\0',_binary '',_binary '\0','2024-07-07 15:03:33.197000',NULL,'2024-07-07 15:12:28.804000','f1d7f9ea8986480d86d6cb0ac3c7cb63',NULL,'',NULL,'f1d7f9ea8986480d86d6cb0ac3c7cb63','$2a$10$o2eEslIEeE6mJpH8fLgdGO7LOBRZP/0Sb09Jt9F1HtdYU7O1Aem4.','+84332101039',NULL,'huu thang');
/*!40000 ALTER TABLE `users` ENABLE KEYS */;
UNLOCK TABLES;

--
-- Dumping data for table `wishlist_items`
--

LOCK TABLES `wishlist_items` WRITE;
/*!40000 ALTER TABLE `wishlist_items` DISABLE KEYS */;
INSERT INTO `wishlist_items` VALUES ('2024-07-19 01:47:06.562000',1,2,6);
/*!40000 ALTER TABLE `wishlist_items` ENABLE KEYS */;
UNLOCK TABLES;

--
-- Dumping data for table `wishlists`
--

LOCK TABLES `wishlists` WRITE;
/*!40000 ALTER TABLE `wishlists` DISABLE KEYS */;
INSERT INTO `wishlists` VALUES (2,'3a86c2981a16402cae488e7bf38322d6','service');
/*!40000 ALTER TABLE `wishlists` ENABLE KEYS */;
UNLOCK TABLES;
/*!40103 SET TIME_ZONE=@OLD_TIME_ZONE */;

/*!40101 SET SQL_MODE=@OLD_SQL_MODE */;
/*!40014 SET FOREIGN_KEY_CHECKS=@OLD_FOREIGN_KEY_CHECKS */;
/*!40014 SET UNIQUE_CHECKS=@OLD_UNIQUE_CHECKS */;
/*!40101 SET CHARACTER_SET_CLIENT=@OLD_CHARACTER_SET_CLIENT */;
/*!40101 SET CHARACTER_SET_RESULTS=@OLD_CHARACTER_SET_RESULTS */;
/*!40101 SET COLLATION_CONNECTION=@OLD_COLLATION_CONNECTION */;
/*!40111 SET SQL_NOTES=@OLD_SQL_NOTES */;

-- Dump completed on 2024-07-22  0:50:53
